"","grade","review"
"1","10"," 
                                            지루할틈없이 빵빵 터지는 대사에클라이밍의 새로운 매력재난상황에서의 어마어마한 구조력위기상황에서의 인간미 피칠갑하지 않아도 긴장감 엄청났습니다. ^^연기파 배우들 짱초반에 윤아님이 비상벨 울려주실때 심쿵!정의감 넘치고 비장했어요 ㅠㅜ킬링타임 목적에 부합한 적절한 연출력!
                                        "
"2","9"," 
                                            평점에 속아서 본 영화 중 하나집에서 봤다면 중간에 끄고 안 봤을 영화그냥 킬링타임용 
                                        "
"3","10"," 
                                            조금더 긴 스토리였으면 하는 아쉬움 뿐 아주 좋았습니다
                                        "
"4","4"," 
                                            드라마를 안 봐서 윤아 연기하는거 처음 봤는데 괜찮더군요.
                                        "
"5","8"," 
                                            
                                        "
"6","8"," 
                                            
                                        "
"7","10"," 
                                            그냥 재미있음!지루할 틈과 시간 없음.
                                        "
"8","10"," 
                                            클라이밍에서 두 배우의 힘이 느껴져서 실감 났다. 기대 안하고 갔다가 긴장감 느끼며 봤음.군더더기 없이 깔끔했던 영화. 초6아이랑 봤는데 잔인한것도 없었고 아이도 나도 엄청 집중해서 봤음."
"9","9"," 
                                            
                                        "
"10","10"," 
                                            이야 오늘부터 조정석팬됨윤아는 망가져도 이쁘네
                                        "
"11","9"," 
                                            지루할틈없이 빵빵 터지는 대사에클라이밍의 새로운 매력재난상황에서의 어마어마한 구조력위기상황에서의 인간미 피칠갑하지 않아도 긴장감 엄청났습니다. ^^연기파 배우들 짱초반에 윤아님이 비상벨 울려주실때 심쿵!정의감 넘치고 비장했어요 ㅠㅜ킬링타임 목적에 부합한 적절한 연출력!
                                        "
"12","9"," 
                                            평점에 속아서 본 영화 중 하나집에서 봤다면 중간에 끄고 안 봤을 영화그냥 킬링타임용 
                                        "
"13","9"," 
                                            조금더 긴 스토리였으면 하는 아쉬움 뿐 아주 좋았습니다
                                        "
"14","10"," 
                                            드라마를 안 봐서 윤아 연기하는거 처음 봤는데 괜찮더군요.
                                        "
"15","10"," 
                                            
                                        "
"16","9"," 
                                            
                                        "
"17","8"," 
                                            그냥 재미있음!지루할 틈과 시간 없음.
                                        "
"18","10"," 
                                            클라이밍에서 두 배우의 힘이 느껴져서 실감 났다. 기대 안하고 갔다가 긴장감 느끼며 봤음.군더더기 없이 깔끔했던 영화. 초6아이랑 봤는데 잔인한것도 없었고 아이도 나도 엄청 집중해서 봤음."
"19","10"," 
                                            
                                        "
"20","8"," 
                                            이야 오늘부터 조정석팬됨윤아는 망가져도 이쁘네
                                        "
"21","1"," 
                                            지루할틈없이 빵빵 터지는 대사에클라이밍의 새로운 매력재난상황에서의 어마어마한 구조력위기상황에서의 인간미 피칠갑하지 않아도 긴장감 엄청났습니다. ^^연기파 배우들 짱초반에 윤아님이 비상벨 울려주실때 심쿵!정의감 넘치고 비장했어요 ㅠㅜ킬링타임 목적에 부합한 적절한 연출력!
                                        "
"22","8"," 
                                            평점에 속아서 본 영화 중 하나집에서 봤다면 중간에 끄고 안 봤을 영화그냥 킬링타임용 
                                        "
"23","10"," 
                                            조금더 긴 스토리였으면 하는 아쉬움 뿐 아주 좋았습니다
                                        "
"24","10"," 
                                            드라마를 안 봐서 윤아 연기하는거 처음 봤는데 괜찮더군요.
                                        "
"25","9"," 
                                            
                                        "
"26","10"," 
                                            
                                        "
"27","10"," 
                                            그냥 재미있음!지루할 틈과 시간 없음.
                                        "
"28","9"," 
                                            클라이밍에서 두 배우의 힘이 느껴져서 실감 났다. 기대 안하고 갔다가 긴장감 느끼며 봤음.군더더기 없이 깔끔했던 영화. 초6아이랑 봤는데 잔인한것도 없었고 아이도 나도 엄청 집중해서 봤음."
"29","9"," 
                                            
                                        "
"30","8"," 
                                            이야 오늘부터 조정석팬됨윤아는 망가져도 이쁘네
                                        "
"31","6"," 
                                            지루할틈없이 빵빵 터지는 대사에클라이밍의 새로운 매력재난상황에서의 어마어마한 구조력위기상황에서의 인간미 피칠갑하지 않아도 긴장감 엄청났습니다. ^^연기파 배우들 짱초반에 윤아님이 비상벨 울려주실때 심쿵!정의감 넘치고 비장했어요 ㅠㅜ킬링타임 목적에 부합한 적절한 연출력!
                                        "
"32","9"," 
                                            평점에 속아서 본 영화 중 하나집에서 봤다면 중간에 끄고 안 봤을 영화그냥 킬링타임용 
                                        "
"33","10"," 
                                            조금더 긴 스토리였으면 하는 아쉬움 뿐 아주 좋았습니다
                                        "
"34","10"," 
                                            드라마를 안 봐서 윤아 연기하는거 처음 봤는데 괜찮더군요.
                                        "
"35","10"," 
                                            
                                        "
"36","10"," 
                                            
                                        "
"37","9"," 
                                            그냥 재미있음!지루할 틈과 시간 없음.
                                        "
"38","8"," 
                                            클라이밍에서 두 배우의 힘이 느껴져서 실감 났다. 기대 안하고 갔다가 긴장감 느끼며 봤음.군더더기 없이 깔끔했던 영화. 초6아이랑 봤는데 잔인한것도 없었고 아이도 나도 엄청 집중해서 봤음."
"39","10"," 
                                            
                                        "
"40","10"," 
                                            이야 오늘부터 조정석팬됨윤아는 망가져도 이쁘네
                                        "
"41","8"," 
                                            지루할틈없이 빵빵 터지는 대사에클라이밍의 새로운 매력재난상황에서의 어마어마한 구조력위기상황에서의 인간미 피칠갑하지 않아도 긴장감 엄청났습니다. ^^연기파 배우들 짱초반에 윤아님이 비상벨 울려주실때 심쿵!정의감 넘치고 비장했어요 ㅠㅜ킬링타임 목적에 부합한 적절한 연출력!
                                        "
"42","7"," 
                                            평점에 속아서 본 영화 중 하나집에서 봤다면 중간에 끄고 안 봤을 영화그냥 킬링타임용 
                                        "
"43","10"," 
                                            조금더 긴 스토리였으면 하는 아쉬움 뿐 아주 좋았습니다
                                        "
"44","9"," 
                                            드라마를 안 봐서 윤아 연기하는거 처음 봤는데 괜찮더군요.
                                        "
"45","10"," 
                                            
                                        "
"46","9"," 
                                            
                                        "
"47","1"," 
                                            그냥 재미있음!지루할 틈과 시간 없음.
                                        "
"48","10"," 
                                            클라이밍에서 두 배우의 힘이 느껴져서 실감 났다. 기대 안하고 갔다가 긴장감 느끼며 봤음.군더더기 없이 깔끔했던 영화. 초6아이랑 봤는데 잔인한것도 없었고 아이도 나도 엄청 집중해서 봤음."
"49","9"," 
                                            
                                        "
"50","9"," 
                                            이야 오늘부터 조정석팬됨윤아는 망가져도 이쁘네
                                        "
"51","9"," 
                                            지루할틈없이 빵빵 터지는 대사에클라이밍의 새로운 매력재난상황에서의 어마어마한 구조력위기상황에서의 인간미 피칠갑하지 않아도 긴장감 엄청났습니다. ^^연기파 배우들 짱초반에 윤아님이 비상벨 울려주실때 심쿵!정의감 넘치고 비장했어요 ㅠㅜ킬링타임 목적에 부합한 적절한 연출력!
                                        "
"52","2"," 
                                            평점에 속아서 본 영화 중 하나집에서 봤다면 중간에 끄고 안 봤을 영화그냥 킬링타임용 
                                        "
"53","8"," 
                                            조금더 긴 스토리였으면 하는 아쉬움 뿐 아주 좋았습니다
                                        "
"54","8"," 
                                            드라마를 안 봐서 윤아 연기하는거 처음 봤는데 괜찮더군요.
                                        "
"55","10"," 
                                            
                                        "
"56","10"," 
                                            
                                        "
"57","8"," 
                                            그냥 재미있음!지루할 틈과 시간 없음.
                                        "
"58","8"," 
                                            클라이밍에서 두 배우의 힘이 느껴져서 실감 났다. 기대 안하고 갔다가 긴장감 느끼며 봤음.군더더기 없이 깔끔했던 영화. 초6아이랑 봤는데 잔인한것도 없었고 아이도 나도 엄청 집중해서 봤음."
"59","9"," 
                                            
                                        "
"60","0"," 
                                            이야 오늘부터 조정석팬됨윤아는 망가져도 이쁘네
                                        "
"61","7"," 
                                            지루할틈없이 빵빵 터지는 대사에클라이밍의 새로운 매력재난상황에서의 어마어마한 구조력위기상황에서의 인간미 피칠갑하지 않아도 긴장감 엄청났습니다. ^^연기파 배우들 짱초반에 윤아님이 비상벨 울려주실때 심쿵!정의감 넘치고 비장했어요 ㅠㅜ킬링타임 목적에 부합한 적절한 연출력!
                                        "
"62","8"," 
                                            평점에 속아서 본 영화 중 하나집에서 봤다면 중간에 끄고 안 봤을 영화그냥 킬링타임용 
                                        "
"63","9"," 
                                            조금더 긴 스토리였으면 하는 아쉬움 뿐 아주 좋았습니다
                                        "
"64","7"," 
                                            드라마를 안 봐서 윤아 연기하는거 처음 봤는데 괜찮더군요.
                                        "
"65","10"," 
                                            
                                        "
"66","2"," 
                                            
                                        "
"67","10"," 
                                            그냥 재미있음!지루할 틈과 시간 없음.
                                        "
"68","1"," 
                                            클라이밍에서 두 배우의 힘이 느껴져서 실감 났다. 기대 안하고 갔다가 긴장감 느끼며 봤음.군더더기 없이 깔끔했던 영화. 초6아이랑 봤는데 잔인한것도 없었고 아이도 나도 엄청 집중해서 봤음."
"69","9"," 
                                            
                                        "
"70","10"," 
                                            이야 오늘부터 조정석팬됨윤아는 망가져도 이쁘네
                                        "
"71","1"," 
                                            지루할틈없이 빵빵 터지는 대사에클라이밍의 새로운 매력재난상황에서의 어마어마한 구조력위기상황에서의 인간미 피칠갑하지 않아도 긴장감 엄청났습니다. ^^연기파 배우들 짱초반에 윤아님이 비상벨 울려주실때 심쿵!정의감 넘치고 비장했어요 ㅠㅜ킬링타임 목적에 부합한 적절한 연출력!
                                        "
"72","10"," 
                                            평점에 속아서 본 영화 중 하나집에서 봤다면 중간에 끄고 안 봤을 영화그냥 킬링타임용 
                                        "
"73","1"," 
                                            조금더 긴 스토리였으면 하는 아쉬움 뿐 아주 좋았습니다
                                        "
"74","10"," 
                                            드라마를 안 봐서 윤아 연기하는거 처음 봤는데 괜찮더군요.
                                        "
"75","9"," 
                                            
                                        "
"76","9"," 
                                            
                                        "
"77","6"," 
                                            그냥 재미있음!지루할 틈과 시간 없음.
                                        "
"78","1"," 
                                            클라이밍에서 두 배우의 힘이 느껴져서 실감 났다. 기대 안하고 갔다가 긴장감 느끼며 봤음.군더더기 없이 깔끔했던 영화. 초6아이랑 봤는데 잔인한것도 없었고 아이도 나도 엄청 집중해서 봤음."
"79","10"," 
                                            
                                        "
"80","7"," 
                                            이야 오늘부터 조정석팬됨윤아는 망가져도 이쁘네
                                        "
"81","8"," 
                                            지루할틈없이 빵빵 터지는 대사에클라이밍의 새로운 매력재난상황에서의 어마어마한 구조력위기상황에서의 인간미 피칠갑하지 않아도 긴장감 엄청났습니다. ^^연기파 배우들 짱초반에 윤아님이 비상벨 울려주실때 심쿵!정의감 넘치고 비장했어요 ㅠㅜ킬링타임 목적에 부합한 적절한 연출력!
                                        "
"82","9"," 
                                            평점에 속아서 본 영화 중 하나집에서 봤다면 중간에 끄고 안 봤을 영화그냥 킬링타임용 
                                        "
"83","9"," 
                                            조금더 긴 스토리였으면 하는 아쉬움 뿐 아주 좋았습니다
                                        "
"84","8"," 
                                            드라마를 안 봐서 윤아 연기하는거 처음 봤는데 괜찮더군요.
                                        "
"85","1"," 
                                            
                                        "
"86","10"," 
                                            
                                        "
"87","8"," 
                                            그냥 재미있음!지루할 틈과 시간 없음.
                                        "
"88","10"," 
                                            클라이밍에서 두 배우의 힘이 느껴져서 실감 났다. 기대 안하고 갔다가 긴장감 느끼며 봤음.군더더기 없이 깔끔했던 영화. 초6아이랑 봤는데 잔인한것도 없었고 아이도 나도 엄청 집중해서 봤음."
"89","1"," 
                                            
                                        "
"90","10"," 
                                            이야 오늘부터 조정석팬됨윤아는 망가져도 이쁘네
                                        "
"91","10"," 
                                            지루할틈없이 빵빵 터지는 대사에클라이밍의 새로운 매력재난상황에서의 어마어마한 구조력위기상황에서의 인간미 피칠갑하지 않아도 긴장감 엄청났습니다. ^^연기파 배우들 짱초반에 윤아님이 비상벨 울려주실때 심쿵!정의감 넘치고 비장했어요 ㅠㅜ킬링타임 목적에 부합한 적절한 연출력!
                                        "
"92","8"," 
                                            평점에 속아서 본 영화 중 하나집에서 봤다면 중간에 끄고 안 봤을 영화그냥 킬링타임용 
                                        "
"93","10"," 
                                            조금더 긴 스토리였으면 하는 아쉬움 뿐 아주 좋았습니다
                                        "
"94","10"," 
                                            드라마를 안 봐서 윤아 연기하는거 처음 봤는데 괜찮더군요.
                                        "
"95","5"," 
                                            
                                        "
"96","10"," 
                                            
                                        "
"97","9"," 
                                            그냥 재미있음!지루할 틈과 시간 없음.
                                        "
"98","10"," 
                                            클라이밍에서 두 배우의 힘이 느껴져서 실감 났다. 기대 안하고 갔다가 긴장감 느끼며 봤음.군더더기 없이 깔끔했던 영화. 초6아이랑 봤는데 잔인한것도 없었고 아이도 나도 엄청 집중해서 봤음."
"99","1"," 
                                            
                                        "
"100","10"," 
                                            이야 오늘부터 조정석팬됨윤아는 망가져도 이쁘네
                                        "
"101","10"," 
                                            지루할틈없이 빵빵 터지는 대사에클라이밍의 새로운 매력재난상황에서의 어마어마한 구조력위기상황에서의 인간미 피칠갑하지 않아도 긴장감 엄청났습니다. ^^연기파 배우들 짱초반에 윤아님이 비상벨 울려주실때 심쿵!정의감 넘치고 비장했어요 ㅠㅜ킬링타임 목적에 부합한 적절한 연출력!
                                        "
"102","10"," 
                                            평점에 속아서 본 영화 중 하나집에서 봤다면 중간에 끄고 안 봤을 영화그냥 킬링타임용 
                                        "
"103","5"," 
                                            조금더 긴 스토리였으면 하는 아쉬움 뿐 아주 좋았습니다
                                        "
"104","1"," 
                                            드라마를 안 봐서 윤아 연기하는거 처음 봤는데 괜찮더군요.
                                        "
"105","3"," 
                                            
                                        "
"106","10"," 
                                            
                                        "
"107","6"," 
                                            그냥 재미있음!지루할 틈과 시간 없음.
                                        "
"108","10"," 
                                            클라이밍에서 두 배우의 힘이 느껴져서 실감 났다. 기대 안하고 갔다가 긴장감 느끼며 봤음.군더더기 없이 깔끔했던 영화. 초6아이랑 봤는데 잔인한것도 없었고 아이도 나도 엄청 집중해서 봤음."
"109","10"," 
                                            
                                        "
"110","10"," 
                                            이야 오늘부터 조정석팬됨윤아는 망가져도 이쁘네
                                        "
"111","0"," 
                                            지루할틈없이 빵빵 터지는 대사에클라이밍의 새로운 매력재난상황에서의 어마어마한 구조력위기상황에서의 인간미 피칠갑하지 않아도 긴장감 엄청났습니다. ^^연기파 배우들 짱초반에 윤아님이 비상벨 울려주실때 심쿵!정의감 넘치고 비장했어요 ㅠㅜ킬링타임 목적에 부합한 적절한 연출력!
                                        "
"112","8"," 
                                            평점에 속아서 본 영화 중 하나집에서 봤다면 중간에 끄고 안 봤을 영화그냥 킬링타임용 
                                        "
"113","10"," 
                                            조금더 긴 스토리였으면 하는 아쉬움 뿐 아주 좋았습니다
                                        "
"114","8"," 
                                            드라마를 안 봐서 윤아 연기하는거 처음 봤는데 괜찮더군요.
                                        "
"115","10"," 
                                            
                                        "
"116","10"," 
                                            
                                        "
"117","10"," 
                                            그냥 재미있음!지루할 틈과 시간 없음.
                                        "
"118","10"," 
                                            클라이밍에서 두 배우의 힘이 느껴져서 실감 났다. 기대 안하고 갔다가 긴장감 느끼며 봤음.군더더기 없이 깔끔했던 영화. 초6아이랑 봤는데 잔인한것도 없었고 아이도 나도 엄청 집중해서 봤음."
"119","1"," 
                                            
                                        "
"120","10"," 
                                            이야 오늘부터 조정석팬됨윤아는 망가져도 이쁘네
                                        "
"121","9"," 
                                            지루할틈없이 빵빵 터지는 대사에클라이밍의 새로운 매력재난상황에서의 어마어마한 구조력위기상황에서의 인간미 피칠갑하지 않아도 긴장감 엄청났습니다. ^^연기파 배우들 짱초반에 윤아님이 비상벨 울려주실때 심쿵!정의감 넘치고 비장했어요 ㅠㅜ킬링타임 목적에 부합한 적절한 연출력!
                                        "
"122","10"," 
                                            평점에 속아서 본 영화 중 하나집에서 봤다면 중간에 끄고 안 봤을 영화그냥 킬링타임용 
                                        "
"123","9"," 
                                            조금더 긴 스토리였으면 하는 아쉬움 뿐 아주 좋았습니다
                                        "
"124","10"," 
                                            드라마를 안 봐서 윤아 연기하는거 처음 봤는데 괜찮더군요.
                                        "
"125","10"," 
                                            
                                        "
"126","5"," 
                                            
                                        "
"127","5"," 
                                            그냥 재미있음!지루할 틈과 시간 없음.
                                        "
"128","0"," 
                                            클라이밍에서 두 배우의 힘이 느껴져서 실감 났다. 기대 안하고 갔다가 긴장감 느끼며 봤음.군더더기 없이 깔끔했던 영화. 초6아이랑 봤는데 잔인한것도 없었고 아이도 나도 엄청 집중해서 봤음."
"129","9"," 
                                            
                                        "
"130","10"," 
                                            이야 오늘부터 조정석팬됨윤아는 망가져도 이쁘네
                                        "
"131","9"," 
                                            지루할틈없이 빵빵 터지는 대사에클라이밍의 새로운 매력재난상황에서의 어마어마한 구조력위기상황에서의 인간미 피칠갑하지 않아도 긴장감 엄청났습니다. ^^연기파 배우들 짱초반에 윤아님이 비상벨 울려주실때 심쿵!정의감 넘치고 비장했어요 ㅠㅜ킬링타임 목적에 부합한 적절한 연출력!
                                        "
"132","10"," 
                                            평점에 속아서 본 영화 중 하나집에서 봤다면 중간에 끄고 안 봤을 영화그냥 킬링타임용 
                                        "
"133","0"," 
                                            조금더 긴 스토리였으면 하는 아쉬움 뿐 아주 좋았습니다
                                        "
"134","10"," 
                                            드라마를 안 봐서 윤아 연기하는거 처음 봤는데 괜찮더군요.
                                        "
"135","10"," 
                                            
                                        "
"136","10"," 
                                            
                                        "
"137","2"," 
                                            그냥 재미있음!지루할 틈과 시간 없음.
                                        "
"138","10"," 
                                            클라이밍에서 두 배우의 힘이 느껴져서 실감 났다. 기대 안하고 갔다가 긴장감 느끼며 봤음.군더더기 없이 깔끔했던 영화. 초6아이랑 봤는데 잔인한것도 없었고 아이도 나도 엄청 집중해서 봤음."
"139","1"," 
                                            
                                        "
"140","8"," 
                                            이야 오늘부터 조정석팬됨윤아는 망가져도 이쁘네
                                        "
"141","10"," 
                                            지루할틈없이 빵빵 터지는 대사에클라이밍의 새로운 매력재난상황에서의 어마어마한 구조력위기상황에서의 인간미 피칠갑하지 않아도 긴장감 엄청났습니다. ^^연기파 배우들 짱초반에 윤아님이 비상벨 울려주실때 심쿵!정의감 넘치고 비장했어요 ㅠㅜ킬링타임 목적에 부합한 적절한 연출력!
                                        "
"142","1"," 
                                            평점에 속아서 본 영화 중 하나집에서 봤다면 중간에 끄고 안 봤을 영화그냥 킬링타임용 
                                        "
"143","1"," 
                                            조금더 긴 스토리였으면 하는 아쉬움 뿐 아주 좋았습니다
                                        "
"144","10"," 
                                            드라마를 안 봐서 윤아 연기하는거 처음 봤는데 괜찮더군요.
                                        "
"145","10"," 
                                            
                                        "
"146","5"," 
                                            
                                        "
"147","10"," 
                                            그냥 재미있음!지루할 틈과 시간 없음.
                                        "
"148","10"," 
                                            클라이밍에서 두 배우의 힘이 느껴져서 실감 났다. 기대 안하고 갔다가 긴장감 느끼며 봤음.군더더기 없이 깔끔했던 영화. 초6아이랑 봤는데 잔인한것도 없었고 아이도 나도 엄청 집중해서 봤음."
"149","10"," 
                                            
                                        "
"150","1"," 
                                            이야 오늘부터 조정석팬됨윤아는 망가져도 이쁘네
                                        "
"151","7"," 
                                            지루할틈없이 빵빵 터지는 대사에클라이밍의 새로운 매력재난상황에서의 어마어마한 구조력위기상황에서의 인간미 피칠갑하지 않아도 긴장감 엄청났습니다. ^^연기파 배우들 짱초반에 윤아님이 비상벨 울려주실때 심쿵!정의감 넘치고 비장했어요 ㅠㅜ킬링타임 목적에 부합한 적절한 연출력!
                                        "
"152","9"," 
                                            평점에 속아서 본 영화 중 하나집에서 봤다면 중간에 끄고 안 봤을 영화그냥 킬링타임용 
                                        "
"153","9"," 
                                            조금더 긴 스토리였으면 하는 아쉬움 뿐 아주 좋았습니다
                                        "
"154","10"," 
                                            드라마를 안 봐서 윤아 연기하는거 처음 봤는데 괜찮더군요.
                                        "
"155","10"," 
                                            
                                        "
"156","1"," 
                                            
                                        "
"157","10"," 
                                            그냥 재미있음!지루할 틈과 시간 없음.
                                        "
"158","1"," 
                                            클라이밍에서 두 배우의 힘이 느껴져서 실감 났다. 기대 안하고 갔다가 긴장감 느끼며 봤음.군더더기 없이 깔끔했던 영화. 초6아이랑 봤는데 잔인한것도 없었고 아이도 나도 엄청 집중해서 봤음."
"159","10"," 
                                            
                                        "
"160","2"," 
                                            이야 오늘부터 조정석팬됨윤아는 망가져도 이쁘네
                                        "
"161","10"," 
                                            지루할틈없이 빵빵 터지는 대사에클라이밍의 새로운 매력재난상황에서의 어마어마한 구조력위기상황에서의 인간미 피칠갑하지 않아도 긴장감 엄청났습니다. ^^연기파 배우들 짱초반에 윤아님이 비상벨 울려주실때 심쿵!정의감 넘치고 비장했어요 ㅠㅜ킬링타임 목적에 부합한 적절한 연출력!
                                        "
"162","8"," 
                                            평점에 속아서 본 영화 중 하나집에서 봤다면 중간에 끄고 안 봤을 영화그냥 킬링타임용 
                                        "
"163","10"," 
                                            조금더 긴 스토리였으면 하는 아쉬움 뿐 아주 좋았습니다
                                        "
"164","9"," 
                                            드라마를 안 봐서 윤아 연기하는거 처음 봤는데 괜찮더군요.
                                        "
"165","8"," 
                                            
                                        "
"166","10"," 
                                            
                                        "
"167","10"," 
                                            그냥 재미있음!지루할 틈과 시간 없음.
                                        "
"168","10"," 
                                            클라이밍에서 두 배우의 힘이 느껴져서 실감 났다. 기대 안하고 갔다가 긴장감 느끼며 봤음.군더더기 없이 깔끔했던 영화. 초6아이랑 봤는데 잔인한것도 없었고 아이도 나도 엄청 집중해서 봤음."
"169","3"," 
                                            
                                        "
"170","9"," 
                                            이야 오늘부터 조정석팬됨윤아는 망가져도 이쁘네
                                        "
"171","10"," 
                                            지루할틈없이 빵빵 터지는 대사에클라이밍의 새로운 매력재난상황에서의 어마어마한 구조력위기상황에서의 인간미 피칠갑하지 않아도 긴장감 엄청났습니다. ^^연기파 배우들 짱초반에 윤아님이 비상벨 울려주실때 심쿵!정의감 넘치고 비장했어요 ㅠㅜ킬링타임 목적에 부합한 적절한 연출력!
                                        "
"172","10"," 
                                            평점에 속아서 본 영화 중 하나집에서 봤다면 중간에 끄고 안 봤을 영화그냥 킬링타임용 
                                        "
"173","9"," 
                                            조금더 긴 스토리였으면 하는 아쉬움 뿐 아주 좋았습니다
                                        "
"174","8"," 
                                            드라마를 안 봐서 윤아 연기하는거 처음 봤는데 괜찮더군요.
                                        "
"175","5"," 
                                            
                                        "
"176","1"," 
                                            
                                        "
"177","10"," 
                                            그냥 재미있음!지루할 틈과 시간 없음.
                                        "
"178","10"," 
                                            클라이밍에서 두 배우의 힘이 느껴져서 실감 났다. 기대 안하고 갔다가 긴장감 느끼며 봤음.군더더기 없이 깔끔했던 영화. 초6아이랑 봤는데 잔인한것도 없었고 아이도 나도 엄청 집중해서 봤음."
"179","6"," 
                                            
                                        "
"180","10"," 
                                            이야 오늘부터 조정석팬됨윤아는 망가져도 이쁘네
                                        "
"181","10"," 
                                            지루할틈없이 빵빵 터지는 대사에클라이밍의 새로운 매력재난상황에서의 어마어마한 구조력위기상황에서의 인간미 피칠갑하지 않아도 긴장감 엄청났습니다. ^^연기파 배우들 짱초반에 윤아님이 비상벨 울려주실때 심쿵!정의감 넘치고 비장했어요 ㅠㅜ킬링타임 목적에 부합한 적절한 연출력!
                                        "
"182","6"," 
                                            평점에 속아서 본 영화 중 하나집에서 봤다면 중간에 끄고 안 봤을 영화그냥 킬링타임용 
                                        "
"183","10"," 
                                            조금더 긴 스토리였으면 하는 아쉬움 뿐 아주 좋았습니다
                                        "
"184","10"," 
                                            드라마를 안 봐서 윤아 연기하는거 처음 봤는데 괜찮더군요.
                                        "
"185","10"," 
                                            
                                        "
"186","10"," 
                                            
                                        "
"187","8"," 
                                            그냥 재미있음!지루할 틈과 시간 없음.
                                        "
"188","9"," 
                                            클라이밍에서 두 배우의 힘이 느껴져서 실감 났다. 기대 안하고 갔다가 긴장감 느끼며 봤음.군더더기 없이 깔끔했던 영화. 초6아이랑 봤는데 잔인한것도 없었고 아이도 나도 엄청 집중해서 봤음."
"189","2"," 
                                            
                                        "
"190","10"," 
                                            이야 오늘부터 조정석팬됨윤아는 망가져도 이쁘네
                                        "
"191","4"," 
                                            지루할틈없이 빵빵 터지는 대사에클라이밍의 새로운 매력재난상황에서의 어마어마한 구조력위기상황에서의 인간미 피칠갑하지 않아도 긴장감 엄청났습니다. ^^연기파 배우들 짱초반에 윤아님이 비상벨 울려주실때 심쿵!정의감 넘치고 비장했어요 ㅠㅜ킬링타임 목적에 부합한 적절한 연출력!
                                        "
"192","8"," 
                                            평점에 속아서 본 영화 중 하나집에서 봤다면 중간에 끄고 안 봤을 영화그냥 킬링타임용 
                                        "
"193","8"," 
                                            조금더 긴 스토리였으면 하는 아쉬움 뿐 아주 좋았습니다
                                        "
"194","9"," 
                                            드라마를 안 봐서 윤아 연기하는거 처음 봤는데 괜찮더군요.
                                        "
"195","1"," 
                                            
                                        "
"196","10"," 
                                            
                                        "
"197","10"," 
                                            그냥 재미있음!지루할 틈과 시간 없음.
                                        "
"198","9"," 
                                            클라이밍에서 두 배우의 힘이 느껴져서 실감 났다. 기대 안하고 갔다가 긴장감 느끼며 봤음.군더더기 없이 깔끔했던 영화. 초6아이랑 봤는데 잔인한것도 없었고 아이도 나도 엄청 집중해서 봤음."
"199","8"," 
                                            
                                        "
"200","10"," 
                                            이야 오늘부터 조정석팬됨윤아는 망가져도 이쁘네
                                        "
"201","10"," 
                                            지루할틈없이 빵빵 터지는 대사에클라이밍의 새로운 매력재난상황에서의 어마어마한 구조력위기상황에서의 인간미 피칠갑하지 않아도 긴장감 엄청났습니다. ^^연기파 배우들 짱초반에 윤아님이 비상벨 울려주실때 심쿵!정의감 넘치고 비장했어요 ㅠㅜ킬링타임 목적에 부합한 적절한 연출력!
                                        "
"202","9"," 
                                            평점에 속아서 본 영화 중 하나집에서 봤다면 중간에 끄고 안 봤을 영화그냥 킬링타임용 
                                        "
"203","10"," 
                                            조금더 긴 스토리였으면 하는 아쉬움 뿐 아주 좋았습니다
                                        "
"204","4"," 
                                            드라마를 안 봐서 윤아 연기하는거 처음 봤는데 괜찮더군요.
                                        "
"205","8"," 
                                            
                                        "
"206","8"," 
                                            
                                        "
"207","10"," 
                                            그냥 재미있음!지루할 틈과 시간 없음.
                                        "
"208","10"," 
                                            클라이밍에서 두 배우의 힘이 느껴져서 실감 났다. 기대 안하고 갔다가 긴장감 느끼며 봤음.군더더기 없이 깔끔했던 영화. 초6아이랑 봤는데 잔인한것도 없었고 아이도 나도 엄청 집중해서 봤음."
"209","9"," 
                                            
                                        "
"210","10"," 
                                            이야 오늘부터 조정석팬됨윤아는 망가져도 이쁘네
                                        "
"211","9"," 
                                            지루할틈없이 빵빵 터지는 대사에클라이밍의 새로운 매력재난상황에서의 어마어마한 구조력위기상황에서의 인간미 피칠갑하지 않아도 긴장감 엄청났습니다. ^^연기파 배우들 짱초반에 윤아님이 비상벨 울려주실때 심쿵!정의감 넘치고 비장했어요 ㅠㅜ킬링타임 목적에 부합한 적절한 연출력!
                                        "
"212","9"," 
                                            평점에 속아서 본 영화 중 하나집에서 봤다면 중간에 끄고 안 봤을 영화그냥 킬링타임용 
                                        "
"213","9"," 
                                            조금더 긴 스토리였으면 하는 아쉬움 뿐 아주 좋았습니다
                                        "
"214","10"," 
                                            드라마를 안 봐서 윤아 연기하는거 처음 봤는데 괜찮더군요.
                                        "
"215","10"," 
                                            
                                        "
"216","9"," 
                                            
                                        "
"217","8"," 
                                            그냥 재미있음!지루할 틈과 시간 없음.
                                        "
"218","10"," 
                                            클라이밍에서 두 배우의 힘이 느껴져서 실감 났다. 기대 안하고 갔다가 긴장감 느끼며 봤음.군더더기 없이 깔끔했던 영화. 초6아이랑 봤는데 잔인한것도 없었고 아이도 나도 엄청 집중해서 봤음."
"219","10"," 
                                            
                                        "
"220","8"," 
                                            이야 오늘부터 조정석팬됨윤아는 망가져도 이쁘네
                                        "
"221","1"," 
                                            지루할틈없이 빵빵 터지는 대사에클라이밍의 새로운 매력재난상황에서의 어마어마한 구조력위기상황에서의 인간미 피칠갑하지 않아도 긴장감 엄청났습니다. ^^연기파 배우들 짱초반에 윤아님이 비상벨 울려주실때 심쿵!정의감 넘치고 비장했어요 ㅠㅜ킬링타임 목적에 부합한 적절한 연출력!
                                        "
"222","8"," 
                                            평점에 속아서 본 영화 중 하나집에서 봤다면 중간에 끄고 안 봤을 영화그냥 킬링타임용 
                                        "
"223","10"," 
                                            조금더 긴 스토리였으면 하는 아쉬움 뿐 아주 좋았습니다
                                        "
"224","10"," 
                                            드라마를 안 봐서 윤아 연기하는거 처음 봤는데 괜찮더군요.
                                        "
"225","9"," 
                                            
                                        "
"226","10"," 
                                            
                                        "
"227","10"," 
                                            그냥 재미있음!지루할 틈과 시간 없음.
                                        "
"228","9"," 
                                            클라이밍에서 두 배우의 힘이 느껴져서 실감 났다. 기대 안하고 갔다가 긴장감 느끼며 봤음.군더더기 없이 깔끔했던 영화. 초6아이랑 봤는데 잔인한것도 없었고 아이도 나도 엄청 집중해서 봤음."
"229","9"," 
                                            
                                        "
"230","8"," 
                                            이야 오늘부터 조정석팬됨윤아는 망가져도 이쁘네
                                        "
"231","6"," 
                                            지루할틈없이 빵빵 터지는 대사에클라이밍의 새로운 매력재난상황에서의 어마어마한 구조력위기상황에서의 인간미 피칠갑하지 않아도 긴장감 엄청났습니다. ^^연기파 배우들 짱초반에 윤아님이 비상벨 울려주실때 심쿵!정의감 넘치고 비장했어요 ㅠㅜ킬링타임 목적에 부합한 적절한 연출력!
                                        "
"232","9"," 
                                            평점에 속아서 본 영화 중 하나집에서 봤다면 중간에 끄고 안 봤을 영화그냥 킬링타임용 
                                        "
"233","10"," 
                                            조금더 긴 스토리였으면 하는 아쉬움 뿐 아주 좋았습니다
                                        "
"234","10"," 
                                            드라마를 안 봐서 윤아 연기하는거 처음 봤는데 괜찮더군요.
                                        "
"235","10"," 
                                            
                                        "
"236","10"," 
                                            
                                        "
"237","9"," 
                                            그냥 재미있음!지루할 틈과 시간 없음.
                                        "
"238","8"," 
                                            클라이밍에서 두 배우의 힘이 느껴져서 실감 났다. 기대 안하고 갔다가 긴장감 느끼며 봤음.군더더기 없이 깔끔했던 영화. 초6아이랑 봤는데 잔인한것도 없었고 아이도 나도 엄청 집중해서 봤음."
"239","10"," 
                                            
                                        "
"240","10"," 
                                            이야 오늘부터 조정석팬됨윤아는 망가져도 이쁘네
                                        "
"241","8"," 
                                            지루할틈없이 빵빵 터지는 대사에클라이밍의 새로운 매력재난상황에서의 어마어마한 구조력위기상황에서의 인간미 피칠갑하지 않아도 긴장감 엄청났습니다. ^^연기파 배우들 짱초반에 윤아님이 비상벨 울려주실때 심쿵!정의감 넘치고 비장했어요 ㅠㅜ킬링타임 목적에 부합한 적절한 연출력!
                                        "
"242","7"," 
                                            평점에 속아서 본 영화 중 하나집에서 봤다면 중간에 끄고 안 봤을 영화그냥 킬링타임용 
                                        "
"243","10"," 
                                            조금더 긴 스토리였으면 하는 아쉬움 뿐 아주 좋았습니다
                                        "
"244","9"," 
                                            드라마를 안 봐서 윤아 연기하는거 처음 봤는데 괜찮더군요.
                                        "
"245","10"," 
                                            
                                        "
"246","9"," 
                                            
                                        "
"247","1"," 
                                            그냥 재미있음!지루할 틈과 시간 없음.
                                        "
"248","10"," 
                                            클라이밍에서 두 배우의 힘이 느껴져서 실감 났다. 기대 안하고 갔다가 긴장감 느끼며 봤음.군더더기 없이 깔끔했던 영화. 초6아이랑 봤는데 잔인한것도 없었고 아이도 나도 엄청 집중해서 봤음."
"249","9"," 
                                            
                                        "
"250","9"," 
                                            이야 오늘부터 조정석팬됨윤아는 망가져도 이쁘네
                                        "
"251","9"," 
                                            지루할틈없이 빵빵 터지는 대사에클라이밍의 새로운 매력재난상황에서의 어마어마한 구조력위기상황에서의 인간미 피칠갑하지 않아도 긴장감 엄청났습니다. ^^연기파 배우들 짱초반에 윤아님이 비상벨 울려주실때 심쿵!정의감 넘치고 비장했어요 ㅠㅜ킬링타임 목적에 부합한 적절한 연출력!
                                        "
"252","2"," 
                                            평점에 속아서 본 영화 중 하나집에서 봤다면 중간에 끄고 안 봤을 영화그냥 킬링타임용 
                                        "
"253","8"," 
                                            조금더 긴 스토리였으면 하는 아쉬움 뿐 아주 좋았습니다
                                        "
"254","8"," 
                                            드라마를 안 봐서 윤아 연기하는거 처음 봤는데 괜찮더군요.
                                        "
"255","10"," 
                                            
                                        "
"256","10"," 
                                            
                                        "
"257","8"," 
                                            그냥 재미있음!지루할 틈과 시간 없음.
                                        "
"258","8"," 
                                            클라이밍에서 두 배우의 힘이 느껴져서 실감 났다. 기대 안하고 갔다가 긴장감 느끼며 봤음.군더더기 없이 깔끔했던 영화. 초6아이랑 봤는데 잔인한것도 없었고 아이도 나도 엄청 집중해서 봤음."
"259","9"," 
                                            
                                        "
"260","0"," 
                                            이야 오늘부터 조정석팬됨윤아는 망가져도 이쁘네
                                        "
"261","7"," 
                                            지루할틈없이 빵빵 터지는 대사에클라이밍의 새로운 매력재난상황에서의 어마어마한 구조력위기상황에서의 인간미 피칠갑하지 않아도 긴장감 엄청났습니다. ^^연기파 배우들 짱초반에 윤아님이 비상벨 울려주실때 심쿵!정의감 넘치고 비장했어요 ㅠㅜ킬링타임 목적에 부합한 적절한 연출력!
                                        "
"262","8"," 
                                            평점에 속아서 본 영화 중 하나집에서 봤다면 중간에 끄고 안 봤을 영화그냥 킬링타임용 
                                        "
"263","9"," 
                                            조금더 긴 스토리였으면 하는 아쉬움 뿐 아주 좋았습니다
                                        "
"264","7"," 
                                            드라마를 안 봐서 윤아 연기하는거 처음 봤는데 괜찮더군요.
                                        "
"265","10"," 
                                            
                                        "
"266","2"," 
                                            
                                        "
"267","10"," 
                                            그냥 재미있음!지루할 틈과 시간 없음.
                                        "
"268","1"," 
                                            클라이밍에서 두 배우의 힘이 느껴져서 실감 났다. 기대 안하고 갔다가 긴장감 느끼며 봤음.군더더기 없이 깔끔했던 영화. 초6아이랑 봤는데 잔인한것도 없었고 아이도 나도 엄청 집중해서 봤음."
"269","9"," 
                                            
                                        "
"270","10"," 
                                            이야 오늘부터 조정석팬됨윤아는 망가져도 이쁘네
                                        "
"271","1"," 
                                            지루할틈없이 빵빵 터지는 대사에클라이밍의 새로운 매력재난상황에서의 어마어마한 구조력위기상황에서의 인간미 피칠갑하지 않아도 긴장감 엄청났습니다. ^^연기파 배우들 짱초반에 윤아님이 비상벨 울려주실때 심쿵!정의감 넘치고 비장했어요 ㅠㅜ킬링타임 목적에 부합한 적절한 연출력!
                                        "
"272","10"," 
                                            평점에 속아서 본 영화 중 하나집에서 봤다면 중간에 끄고 안 봤을 영화그냥 킬링타임용 
                                        "
"273","1"," 
                                            조금더 긴 스토리였으면 하는 아쉬움 뿐 아주 좋았습니다
                                        "
"274","10"," 
                                            드라마를 안 봐서 윤아 연기하는거 처음 봤는데 괜찮더군요.
                                        "
"275","9"," 
                                            
                                        "
"276","9"," 
                                            
                                        "
"277","6"," 
                                            그냥 재미있음!지루할 틈과 시간 없음.
                                        "
"278","1"," 
                                            클라이밍에서 두 배우의 힘이 느껴져서 실감 났다. 기대 안하고 갔다가 긴장감 느끼며 봤음.군더더기 없이 깔끔했던 영화. 초6아이랑 봤는데 잔인한것도 없었고 아이도 나도 엄청 집중해서 봤음."
"279","10"," 
                                            
                                        "
"280","7"," 
                                            이야 오늘부터 조정석팬됨윤아는 망가져도 이쁘네
                                        "
"281","8"," 
                                            지루할틈없이 빵빵 터지는 대사에클라이밍의 새로운 매력재난상황에서의 어마어마한 구조력위기상황에서의 인간미 피칠갑하지 않아도 긴장감 엄청났습니다. ^^연기파 배우들 짱초반에 윤아님이 비상벨 울려주실때 심쿵!정의감 넘치고 비장했어요 ㅠㅜ킬링타임 목적에 부합한 적절한 연출력!
                                        "
"282","9"," 
                                            평점에 속아서 본 영화 중 하나집에서 봤다면 중간에 끄고 안 봤을 영화그냥 킬링타임용 
                                        "
"283","9"," 
                                            조금더 긴 스토리였으면 하는 아쉬움 뿐 아주 좋았습니다
                                        "
"284","8"," 
                                            드라마를 안 봐서 윤아 연기하는거 처음 봤는데 괜찮더군요.
                                        "
"285","1"," 
                                            
                                        "
"286","10"," 
                                            
                                        "
"287","8"," 
                                            그냥 재미있음!지루할 틈과 시간 없음.
                                        "
"288","10"," 
                                            클라이밍에서 두 배우의 힘이 느껴져서 실감 났다. 기대 안하고 갔다가 긴장감 느끼며 봤음.군더더기 없이 깔끔했던 영화. 초6아이랑 봤는데 잔인한것도 없었고 아이도 나도 엄청 집중해서 봤음."
"289","1"," 
                                            
                                        "
"290","10"," 
                                            이야 오늘부터 조정석팬됨윤아는 망가져도 이쁘네
                                        "
"291","10"," 
                                            지루할틈없이 빵빵 터지는 대사에클라이밍의 새로운 매력재난상황에서의 어마어마한 구조력위기상황에서의 인간미 피칠갑하지 않아도 긴장감 엄청났습니다. ^^연기파 배우들 짱초반에 윤아님이 비상벨 울려주실때 심쿵!정의감 넘치고 비장했어요 ㅠㅜ킬링타임 목적에 부합한 적절한 연출력!
                                        "
"292","8"," 
                                            평점에 속아서 본 영화 중 하나집에서 봤다면 중간에 끄고 안 봤을 영화그냥 킬링타임용 
                                        "
"293","10"," 
                                            조금더 긴 스토리였으면 하는 아쉬움 뿐 아주 좋았습니다
                                        "
"294","10"," 
                                            드라마를 안 봐서 윤아 연기하는거 처음 봤는데 괜찮더군요.
                                        "
"295","5"," 
                                            
                                        "
"296","10"," 
                                            
                                        "
"297","9"," 
                                            그냥 재미있음!지루할 틈과 시간 없음.
                                        "
"298","10"," 
                                            클라이밍에서 두 배우의 힘이 느껴져서 실감 났다. 기대 안하고 갔다가 긴장감 느끼며 봤음.군더더기 없이 깔끔했던 영화. 초6아이랑 봤는데 잔인한것도 없었고 아이도 나도 엄청 집중해서 봤음."
"299","1"," 
                                            
                                        "
"300","10"," 
                                            이야 오늘부터 조정석팬됨윤아는 망가져도 이쁘네
                                        "
"301","10"," 
                                            지루할틈없이 빵빵 터지는 대사에클라이밍의 새로운 매력재난상황에서의 어마어마한 구조력위기상황에서의 인간미 피칠갑하지 않아도 긴장감 엄청났습니다. ^^연기파 배우들 짱초반에 윤아님이 비상벨 울려주실때 심쿵!정의감 넘치고 비장했어요 ㅠㅜ킬링타임 목적에 부합한 적절한 연출력!
                                        "
"302","10"," 
                                            평점에 속아서 본 영화 중 하나집에서 봤다면 중간에 끄고 안 봤을 영화그냥 킬링타임용 
                                        "
"303","5"," 
                                            조금더 긴 스토리였으면 하는 아쉬움 뿐 아주 좋았습니다
                                        "
"304","1"," 
                                            드라마를 안 봐서 윤아 연기하는거 처음 봤는데 괜찮더군요.
                                        "
"305","3"," 
                                            
                                        "
"306","10"," 
                                            
                                        "
"307","6"," 
                                            그냥 재미있음!지루할 틈과 시간 없음.
                                        "
"308","10"," 
                                            클라이밍에서 두 배우의 힘이 느껴져서 실감 났다. 기대 안하고 갔다가 긴장감 느끼며 봤음.군더더기 없이 깔끔했던 영화. 초6아이랑 봤는데 잔인한것도 없었고 아이도 나도 엄청 집중해서 봤음."
"309","10"," 
                                            
                                        "
"310","10"," 
                                            이야 오늘부터 조정석팬됨윤아는 망가져도 이쁘네
                                        "
"311","0"," 
                                            지루할틈없이 빵빵 터지는 대사에클라이밍의 새로운 매력재난상황에서의 어마어마한 구조력위기상황에서의 인간미 피칠갑하지 않아도 긴장감 엄청났습니다. ^^연기파 배우들 짱초반에 윤아님이 비상벨 울려주실때 심쿵!정의감 넘치고 비장했어요 ㅠㅜ킬링타임 목적에 부합한 적절한 연출력!
                                        "
"312","8"," 
                                            평점에 속아서 본 영화 중 하나집에서 봤다면 중간에 끄고 안 봤을 영화그냥 킬링타임용 
                                        "
"313","10"," 
                                            조금더 긴 스토리였으면 하는 아쉬움 뿐 아주 좋았습니다
                                        "
"314","8"," 
                                            드라마를 안 봐서 윤아 연기하는거 처음 봤는데 괜찮더군요.
                                        "
"315","10"," 
                                            
                                        "
"316","10"," 
                                            
                                        "
"317","10"," 
                                            그냥 재미있음!지루할 틈과 시간 없음.
                                        "
"318","10"," 
                                            클라이밍에서 두 배우의 힘이 느껴져서 실감 났다. 기대 안하고 갔다가 긴장감 느끼며 봤음.군더더기 없이 깔끔했던 영화. 초6아이랑 봤는데 잔인한것도 없었고 아이도 나도 엄청 집중해서 봤음."
"319","1"," 
                                            
                                        "
"320","10"," 
                                            이야 오늘부터 조정석팬됨윤아는 망가져도 이쁘네
                                        "
"321","9"," 
                                            지루할틈없이 빵빵 터지는 대사에클라이밍의 새로운 매력재난상황에서의 어마어마한 구조력위기상황에서의 인간미 피칠갑하지 않아도 긴장감 엄청났습니다. ^^연기파 배우들 짱초반에 윤아님이 비상벨 울려주실때 심쿵!정의감 넘치고 비장했어요 ㅠㅜ킬링타임 목적에 부합한 적절한 연출력!
                                        "
"322","10"," 
                                            평점에 속아서 본 영화 중 하나집에서 봤다면 중간에 끄고 안 봤을 영화그냥 킬링타임용 
                                        "
"323","9"," 
                                            조금더 긴 스토리였으면 하는 아쉬움 뿐 아주 좋았습니다
                                        "
"324","10"," 
                                            드라마를 안 봐서 윤아 연기하는거 처음 봤는데 괜찮더군요.
                                        "
"325","10"," 
                                            
                                        "
"326","5"," 
                                            
                                        "
"327","5"," 
                                            그냥 재미있음!지루할 틈과 시간 없음.
                                        "
"328","0"," 
                                            클라이밍에서 두 배우의 힘이 느껴져서 실감 났다. 기대 안하고 갔다가 긴장감 느끼며 봤음.군더더기 없이 깔끔했던 영화. 초6아이랑 봤는데 잔인한것도 없었고 아이도 나도 엄청 집중해서 봤음."
"329","9"," 
                                            
                                        "
"330","10"," 
                                            이야 오늘부터 조정석팬됨윤아는 망가져도 이쁘네
                                        "
"331","9"," 
                                            지루할틈없이 빵빵 터지는 대사에클라이밍의 새로운 매력재난상황에서의 어마어마한 구조력위기상황에서의 인간미 피칠갑하지 않아도 긴장감 엄청났습니다. ^^연기파 배우들 짱초반에 윤아님이 비상벨 울려주실때 심쿵!정의감 넘치고 비장했어요 ㅠㅜ킬링타임 목적에 부합한 적절한 연출력!
                                        "
"332","10"," 
                                            평점에 속아서 본 영화 중 하나집에서 봤다면 중간에 끄고 안 봤을 영화그냥 킬링타임용 
                                        "
"333","0"," 
                                            조금더 긴 스토리였으면 하는 아쉬움 뿐 아주 좋았습니다
                                        "
"334","10"," 
                                            드라마를 안 봐서 윤아 연기하는거 처음 봤는데 괜찮더군요.
                                        "
"335","10"," 
                                            
                                        "
"336","10"," 
                                            
                                        "
"337","2"," 
                                            그냥 재미있음!지루할 틈과 시간 없음.
                                        "
"338","10"," 
                                            클라이밍에서 두 배우의 힘이 느껴져서 실감 났다. 기대 안하고 갔다가 긴장감 느끼며 봤음.군더더기 없이 깔끔했던 영화. 초6아이랑 봤는데 잔인한것도 없었고 아이도 나도 엄청 집중해서 봤음."
"339","1"," 
                                            
                                        "
"340","8"," 
                                            이야 오늘부터 조정석팬됨윤아는 망가져도 이쁘네
                                        "
"341","10"," 
                                            지루할틈없이 빵빵 터지는 대사에클라이밍의 새로운 매력재난상황에서의 어마어마한 구조력위기상황에서의 인간미 피칠갑하지 않아도 긴장감 엄청났습니다. ^^연기파 배우들 짱초반에 윤아님이 비상벨 울려주실때 심쿵!정의감 넘치고 비장했어요 ㅠㅜ킬링타임 목적에 부합한 적절한 연출력!
                                        "
"342","1"," 
                                            평점에 속아서 본 영화 중 하나집에서 봤다면 중간에 끄고 안 봤을 영화그냥 킬링타임용 
                                        "
"343","1"," 
                                            조금더 긴 스토리였으면 하는 아쉬움 뿐 아주 좋았습니다
                                        "
"344","10"," 
                                            드라마를 안 봐서 윤아 연기하는거 처음 봤는데 괜찮더군요.
                                        "
"345","10"," 
                                            
                                        "
"346","5"," 
                                            
                                        "
"347","10"," 
                                            그냥 재미있음!지루할 틈과 시간 없음.
                                        "
"348","10"," 
                                            클라이밍에서 두 배우의 힘이 느껴져서 실감 났다. 기대 안하고 갔다가 긴장감 느끼며 봤음.군더더기 없이 깔끔했던 영화. 초6아이랑 봤는데 잔인한것도 없었고 아이도 나도 엄청 집중해서 봤음."
"349","10"," 
                                            
                                        "
"350","1"," 
                                            이야 오늘부터 조정석팬됨윤아는 망가져도 이쁘네
                                        "
"351","7"," 
                                            지루할틈없이 빵빵 터지는 대사에클라이밍의 새로운 매력재난상황에서의 어마어마한 구조력위기상황에서의 인간미 피칠갑하지 않아도 긴장감 엄청났습니다. ^^연기파 배우들 짱초반에 윤아님이 비상벨 울려주실때 심쿵!정의감 넘치고 비장했어요 ㅠㅜ킬링타임 목적에 부합한 적절한 연출력!
                                        "
"352","9"," 
                                            평점에 속아서 본 영화 중 하나집에서 봤다면 중간에 끄고 안 봤을 영화그냥 킬링타임용 
                                        "
"353","9"," 
                                            조금더 긴 스토리였으면 하는 아쉬움 뿐 아주 좋았습니다
                                        "
"354","10"," 
                                            드라마를 안 봐서 윤아 연기하는거 처음 봤는데 괜찮더군요.
                                        "
"355","10"," 
                                            
                                        "
"356","1"," 
                                            
                                        "
"357","10"," 
                                            그냥 재미있음!지루할 틈과 시간 없음.
                                        "
"358","1"," 
                                            클라이밍에서 두 배우의 힘이 느껴져서 실감 났다. 기대 안하고 갔다가 긴장감 느끼며 봤음.군더더기 없이 깔끔했던 영화. 초6아이랑 봤는데 잔인한것도 없었고 아이도 나도 엄청 집중해서 봤음."
"359","10"," 
                                            
                                        "
"360","2"," 
                                            이야 오늘부터 조정석팬됨윤아는 망가져도 이쁘네
                                        "
"361","10"," 
                                            지루할틈없이 빵빵 터지는 대사에클라이밍의 새로운 매력재난상황에서의 어마어마한 구조력위기상황에서의 인간미 피칠갑하지 않아도 긴장감 엄청났습니다. ^^연기파 배우들 짱초반에 윤아님이 비상벨 울려주실때 심쿵!정의감 넘치고 비장했어요 ㅠㅜ킬링타임 목적에 부합한 적절한 연출력!
                                        "
"362","8"," 
                                            평점에 속아서 본 영화 중 하나집에서 봤다면 중간에 끄고 안 봤을 영화그냥 킬링타임용 
                                        "
"363","10"," 
                                            조금더 긴 스토리였으면 하는 아쉬움 뿐 아주 좋았습니다
                                        "
"364","9"," 
                                            드라마를 안 봐서 윤아 연기하는거 처음 봤는데 괜찮더군요.
                                        "
"365","8"," 
                                            
                                        "
"366","10"," 
                                            
                                        "
"367","10"," 
                                            그냥 재미있음!지루할 틈과 시간 없음.
                                        "
"368","10"," 
                                            클라이밍에서 두 배우의 힘이 느껴져서 실감 났다. 기대 안하고 갔다가 긴장감 느끼며 봤음.군더더기 없이 깔끔했던 영화. 초6아이랑 봤는데 잔인한것도 없었고 아이도 나도 엄청 집중해서 봤음."
"369","3"," 
                                            
                                        "
"370","9"," 
                                            이야 오늘부터 조정석팬됨윤아는 망가져도 이쁘네
                                        "
"371","10"," 
                                            지루할틈없이 빵빵 터지는 대사에클라이밍의 새로운 매력재난상황에서의 어마어마한 구조력위기상황에서의 인간미 피칠갑하지 않아도 긴장감 엄청났습니다. ^^연기파 배우들 짱초반에 윤아님이 비상벨 울려주실때 심쿵!정의감 넘치고 비장했어요 ㅠㅜ킬링타임 목적에 부합한 적절한 연출력!
                                        "
"372","10"," 
                                            평점에 속아서 본 영화 중 하나집에서 봤다면 중간에 끄고 안 봤을 영화그냥 킬링타임용 
                                        "
"373","9"," 
                                            조금더 긴 스토리였으면 하는 아쉬움 뿐 아주 좋았습니다
                                        "
"374","8"," 
                                            드라마를 안 봐서 윤아 연기하는거 처음 봤는데 괜찮더군요.
                                        "
"375","5"," 
                                            
                                        "
"376","1"," 
                                            
                                        "
"377","10"," 
                                            그냥 재미있음!지루할 틈과 시간 없음.
                                        "
"378","10"," 
                                            클라이밍에서 두 배우의 힘이 느껴져서 실감 났다. 기대 안하고 갔다가 긴장감 느끼며 봤음.군더더기 없이 깔끔했던 영화. 초6아이랑 봤는데 잔인한것도 없었고 아이도 나도 엄청 집중해서 봤음."
"379","6"," 
                                            
                                        "
"380","10"," 
                                            이야 오늘부터 조정석팬됨윤아는 망가져도 이쁘네
                                        "
"381","10"," 
                                            지루할틈없이 빵빵 터지는 대사에클라이밍의 새로운 매력재난상황에서의 어마어마한 구조력위기상황에서의 인간미 피칠갑하지 않아도 긴장감 엄청났습니다. ^^연기파 배우들 짱초반에 윤아님이 비상벨 울려주실때 심쿵!정의감 넘치고 비장했어요 ㅠㅜ킬링타임 목적에 부합한 적절한 연출력!
                                        "
"382","6"," 
                                            평점에 속아서 본 영화 중 하나집에서 봤다면 중간에 끄고 안 봤을 영화그냥 킬링타임용 
                                        "
"383","10"," 
                                            조금더 긴 스토리였으면 하는 아쉬움 뿐 아주 좋았습니다
                                        "
"384","10"," 
                                            드라마를 안 봐서 윤아 연기하는거 처음 봤는데 괜찮더군요.
                                        "
"385","10"," 
                                            
                                        "
"386","10"," 
                                            
                                        "
"387","8"," 
                                            그냥 재미있음!지루할 틈과 시간 없음.
                                        "
"388","9"," 
                                            클라이밍에서 두 배우의 힘이 느껴져서 실감 났다. 기대 안하고 갔다가 긴장감 느끼며 봤음.군더더기 없이 깔끔했던 영화. 초6아이랑 봤는데 잔인한것도 없었고 아이도 나도 엄청 집중해서 봤음."
"389","2"," 
                                            
                                        "
"390","10"," 
                                            이야 오늘부터 조정석팬됨윤아는 망가져도 이쁘네
                                        "
"391","4"," 
                                            지루할틈없이 빵빵 터지는 대사에클라이밍의 새로운 매력재난상황에서의 어마어마한 구조력위기상황에서의 인간미 피칠갑하지 않아도 긴장감 엄청났습니다. ^^연기파 배우들 짱초반에 윤아님이 비상벨 울려주실때 심쿵!정의감 넘치고 비장했어요 ㅠㅜ킬링타임 목적에 부합한 적절한 연출력!
                                        "
"392","8"," 
                                            평점에 속아서 본 영화 중 하나집에서 봤다면 중간에 끄고 안 봤을 영화그냥 킬링타임용 
                                        "
"393","8"," 
                                            조금더 긴 스토리였으면 하는 아쉬움 뿐 아주 좋았습니다
                                        "
"394","9"," 
                                            드라마를 안 봐서 윤아 연기하는거 처음 봤는데 괜찮더군요.
                                        "
"395","1"," 
                                            
                                        "
"396","10"," 
                                            
                                        "
"397","10"," 
                                            그냥 재미있음!지루할 틈과 시간 없음.
                                        "
"398","9"," 
                                            클라이밍에서 두 배우의 힘이 느껴져서 실감 났다. 기대 안하고 갔다가 긴장감 느끼며 봤음.군더더기 없이 깔끔했던 영화. 초6아이랑 봤는데 잔인한것도 없었고 아이도 나도 엄청 집중해서 봤음."
"399","8"," 
                                            
                                        "
"400","10"," 
                                            이야 오늘부터 조정석팬됨윤아는 망가져도 이쁘네
                                        "
